filename,study_id,observation_id,max.temp.C,duration.days,dhd.C.days,range.C,rate.C.day-1
S0005_OBO4003,S0005,OBO4003,36.29,11.28,55.7429078,8.34,5.921893491
S0011_OBO4814,S0011,OBO4814,25,1.75,2.6,1,0.5
S0011_OBO4815,S0011,OBO4815,26,3.75,4.56,2,0.5
S0011_OBO4816,S0011,OBO4816,27,5.75,6.547826087,3,0.5
S0011_OBO4817,S0011,OBO4817,28,7.75,8.535483871,4,0.5
S0011_OBO4818,S0011,OBO4818,29,9.75,10.52820513,5,0.5
S0011_OBO4819,S0011,OBO4819,30,11.75,12.52340426,6,0.5
S0011_OBO4820,S0011,OBO4820,31,13.75,14.52,7,0.5
S0011_OBO4829,S0011,OBO4829,25,1.75,2.6,1,0.5
S0011_OBO4830,S0011,OBO4830,26,3.75,4.56,2,0.5
S0011_OBO4831,S0011,OBO4831,27,5.75,6.547826087,3,0.5
S0011_OBO4832,S0011,OBO4832,28,7.75,8.535483871,4,0.5
S0011_OBO4833,S0011,OBO4833,29,9.75,10.52820513,5,0.5
S0011_OBO4834,S0011,OBO4834,30,11.75,12.52340426,6,0.5
S0011_OBO4835,S0011,OBO4835,31,13.75,14.52,7,0.5
S0011_OBO4845,S0011,OBO4845,30,1.75,2.571428571,1,0.5
S0011_OBO4846,S0011,OBO4846,31,3.75,4.533333333,2,0.5
S0011_OBO4847,S0011,OBO4847,32,5.75,6.52173913,3,0.5
S0011_OBO4848,S0011,OBO4848,33,7.75,8.516129032,4,0.5
S0011_OBO4849,S0011,OBO4849,34,9.75,10.51282051,5,0.5
S0011_OBO4859,S0011,OBO4859,30,1.75,2.571428571,1,0.5
S0011_OBO4860,S0011,OBO4860,31,3.75,4.533333333,2,0.5
S0011_OBO4861,S0011,OBO4861,32,5.75,6.52173913,3,0.5
S0011_OBO4862,S0011,OBO4862,33,7.75,8.516129032,4,0.5
S0011_OBO4863,S0011,OBO4863,34,9.75,10.51282051,5,0.5
S0012_OBO4539,S0012,OBO4539,31.6,19.5,41.47179487,3.5,0.18380744
S0012_OBO4540,S0012,OBO4540,31.6,32.5,58.48307692,3.5,0.18380744
S0012_OBO4541,S0012,OBO4541,31.6,32.96,58.83495146,3.5,0.18380744
S0012_OBO4542,S0012,OBO4542,31.6,32.96,58.83495146,3.5,0.18380744
S0012_OBO4543,S0012,OBO4543,31.6,32.96,58.83495146,3.5,0.18380744
S0012_OBO4544,S0012,OBO4544,31.6,32.96,58.83495146,3.5,0.18380744
S0012_OBO4545,S0012,OBO4545,31.6,32.96,58.83495146,3.5,0.18380744
S0018_OBO3516,S0018,OBO3516,32.62,289.39,1023.597014,8.98,0.038923019
S0018_OBO3517,S0018,OBO3517,32.62,290.39,1026.23465,8.98,0.038923019
S0018_OBO3518,S0018,OBO3518,32.72,291.39,1028.909709,9.08,0.038998434
S0018_OBO3519,S0018,OBO3519,32.72,292.39,1031.576388,9.08,0.038998434
S0018_OBO3520,S0018,OBO3520,32.72,293.39,1034.280889,9.08,0.038998434
S0018_OBO3521,S0018,OBO3521,32.96,294.39,1037.182445,9.32,0.039463075
S0018_OBO3522,S0018,OBO3522,32.98,295.39,1040.225566,9.34,0.039369484
S0018_OBO3523,S0018,OBO3523,33.09,296.39,1043.384595,9.45,0.039737768
S0018_OBO3524,S0018,OBO3524,33.09,297.39,1046.507852,9.45,0.039737768
S0018_OBO3525,S0018,OBO3525,33.09,298.39,1049.539562,9.45,0.039737768
S0018_OBO3526,S0018,OBO3526,33.09,299.39,1052.450382,9.45,0.039737768
S0018_OBO3527,S0018,OBO3527,33.09,300.39,1055.333134,9.45,0.039737768
S0018_OBO3528,S0018,OBO3528,33.09,301.39,1058.208633,9.45,0.039737768
S0018_OBO3570,S0018,OBO3570,34.44,289.39,842.6225388,10.835,0.038261808
S0018_OBO3571,S0018,OBO3571,34.44,290.39,844.7421967,10.835,0.038261808
S0018_OBO3572,S0018,OBO3572,34.44,291.39,847.1538368,10.835,0.038261808
S0018_OBO3573,S0018,OBO3573,34.86,292.39,849.952312,11.255,0.03865622
S0018_OBO3574,S0018,OBO3574,34.94,293.39,852.742072,11.335,0.038798193
S0018_OBO3575,S0018,OBO3575,35.13,294.39,855.5880176,11.525,0.039307454
S0018_OBO3576,S0018,OBO3576,35.16,295.39,858.57885,11.555,0.039280917
S0018_OBO3577,S0018,OBO3577,35.16,296.39,861.4311093,11.555,0.039280917
S0018_OBO3578,S0018,OBO3578,35.16,297.39,864.2316369,11.555,0.039280917
S0018_OBO3579,S0018,OBO3579,35.16,298.39,866.8636231,11.555,0.039280917
S0018_OBO3580,S0018,OBO3580,35.16,299.39,869.2306239,11.555,0.039280917
S0018_OBO3581,S0018,OBO3581,35.16,300.39,871.5980775,11.555,0.039280917
S0018_OBO3582,S0018,OBO3582,35.16,301.39,873.8789492,11.555,0.039280917
S0018_OBO3584,S0018,OBO3584,28.0845,30.39,223.0486015,2.085,0.091299985
S0018_OBO3585,S0018,OBO3585,30.0735,60.39,350.291174,4.074,0.071635143
S0018_OBO3586,S0018,OBO3586,30.482,91.39,538.9492395,5.986,0.299977031
S0018_OBO3587,S0018,OBO3587,31.484,121.39,667.0975986,6.988,0.126926337
S0018_OBO3588,S0018,OBO3588,31.88,152.39,795.7136886,7.384,0.088926654
S0018_OBO3589,S0018,OBO3589,32.2785,183.39,899.323949,7.7825,0.074739404
S0018_OBO3590,S0018,OBO3590,32.2785,190.39,906.8317007,7.7825,0.074739404
S0018_OBO3591,S0018,OBO3591,32.2785,197.39,905.20843,7.7825,0.074739404
S0018_OBO3592,S0018,OBO3592,32.2785,204.39,905.8369343,7.7825,0.074739404
S0018_OBO3593,S0018,OBO3593,32.2785,211.39,905.8344434,7.7825,0.074739404
S0018_OBO3594,S0018,OBO3594,32.2785,226.39,911.4431799,7.7825,0.074739404
S0018_OBO3595,S0018,OBO3595,40.228,242.39,906.7900367,15.732,0.09084525
S0018_OBO3596,S0018,OBO3596,40.228,257.39,907.7755896,15.732,0.09084525
S0018_OBO3611,S0018,OBO3611,28.0845,30.39,223.0486015,2.085,0.091299985
S0018_OBO3612,S0018,OBO3612,30.0735,60.39,350.291174,4.074,0.071635143
S0018_OBO3613,S0018,OBO3613,30.482,91.39,538.9492395,5.986,0.299977031
S0018_OBO3614,S0018,OBO3614,31.484,121.39,667.0975986,6.988,0.126926337
S0018_OBO3615,S0018,OBO3615,31.88,152.39,795.7136886,7.384,0.088926654
S0018_OBO3616,S0018,OBO3616,32.2785,183.39,899.323949,7.7825,0.074739404
S0018_OBO3617,S0018,OBO3617,32.2785,190.39,906.8317007,7.7825,0.074739404
S0018_OBO3618,S0018,OBO3618,32.2785,197.39,905.20843,7.7825,0.074739404
S0018_OBO3619,S0018,OBO3619,32.2785,204.39,905.8369343,7.7825,0.074739404
S0018_OBO3620,S0018,OBO3620,32.2785,211.39,905.8344434,7.7825,0.074739404
S0018_OBO3621,S0018,OBO3621,32.2785,226.39,911.4431799,7.7825,0.074739404
S0018_OBO3622,S0018,OBO3622,40.228,242.39,906.7900367,15.732,0.09084525
S0018_OBO3623,S0018,OBO3623,40.228,257.39,907.7755896,15.732,0.09084525
S0018_OBO3624,S0018,OBO3624,40.228,289.39,932.3375963,15.732,0.09084525
S0018_OBO3625,S0018,OBO3625,40.228,290.39,935.1227143,15.732,0.09084525
S0018_OBO3626,S0018,OBO3626,40.228,291.39,937.6509592,15.732,0.09084525
S0018_OBO3627,S0018,OBO3627,40.228,292.39,939.9371422,15.732,0.09084525
S0018_OBO3628,S0018,OBO3628,40.228,293.39,942.3467705,15.732,0.09084525
S0018_OBO3629,S0018,OBO3629,40.228,294.39,945.0172119,15.732,0.09084525
S0018_OBO3630,S0018,OBO3630,40.228,295.39,947.7997393,15.732,0.09084525
S0018_OBO3631,S0018,OBO3631,40.228,296.39,950.7223017,15.732,0.09084525
S0018_OBO3632,S0018,OBO3632,40.228,297.39,953.688157,15.732,0.09084525
S0018_OBO3633,S0018,OBO3633,40.228,298.39,956.6901337,15.732,0.09084525
S0018_OBO3634,S0018,OBO3634,40.228,299.39,959.3948595,15.732,0.09084525
S0018_OBO3635,S0018,OBO3635,40.228,300.39,962.0640001,15.732,0.09084525
S0018_OBO3636,S0018,OBO3636,40.228,301.39,964.6912738,15.732,0.09084525
S0018_OBO3638,S0018,OBO3638,29.8155,30.39,261.6024844,5.5605,0.271842472
S0018_OBO3639,S0018,OBO3639,31.4715,60.39,397.103494,7.614,3.358088821
S0018_OBO3640,S0018,OBO3640,32.3685,91.39,592.9333461,8.511,0.325347491
S0018_OBO3641,S0018,OBO3641,33.001,121.39,725.7509762,9.1435,0.147055788
S0018_OBO3642,S0018,OBO3642,33.3,152.39,842.7983168,9.4425,0.119033529
S0018_OBO3643,S0018,OBO3643,34.0845,183.39,949.2931267,10.227,0.081686663
S0018_OBO3644,S0018,OBO3644,34.0975,190.39,962.3087478,10.24,0.079900298
S0018_OBO3645,S0018,OBO3645,34.0975,197.39,965.6937636,10.24,0.079900298
S0018_OBO3646,S0018,OBO3646,34.0975,204.39,970.0239787,10.24,0.079900298
S0018_OBO3647,S0018,OBO3647,34.0975,211.39,972.1015989,10.24,0.079900298
S0018_OBO3648,S0018,OBO3648,34.0975,226.39,978.4757851,10.24,0.079900298
S0018_OBO3649,S0018,OBO3649,34.0975,242.39,985.9216119,10.24,0.079900298
S0018_OBO3650,S0018,OBO3650,34.0975,257.39,992.8489937,10.24,0.079900298
S0018_OBO3665,S0018,OBO3665,29.8155,30.39,261.6024844,5.5605,0.271842472
S0018_OBO3666,S0018,OBO3666,31.4715,60.39,397.103494,7.614,3.358088821
S0018_OBO3667,S0018,OBO3667,32.3685,91.39,592.9333461,8.511,0.325347491
S0018_OBO3668,S0018,OBO3668,33.001,121.39,725.7509762,9.1435,0.147055788
S0018_OBO3669,S0018,OBO3669,33.3,152.39,842.7983168,9.4425,0.119033529
S0018_OBO3670,S0018,OBO3670,34.0845,183.39,949.2931267,10.227,0.081686663
S0018_OBO3671,S0018,OBO3671,34.0975,190.39,962.3087478,10.24,0.079900298
S0018_OBO3672,S0018,OBO3672,34.0975,197.39,965.6937636,10.24,0.079900298
S0018_OBO3673,S0018,OBO3673,34.0975,204.39,970.0239787,10.24,0.079900298
S0018_OBO3674,S0018,OBO3674,34.0975,211.39,972.1015989,10.24,0.079900298
S0018_OBO3675,S0018,OBO3675,34.0975,226.39,978.4757851,10.24,0.079900298
S0018_OBO3676,S0018,OBO3676,34.0975,242.39,985.9216119,10.24,0.079900298
S0018_OBO3677,S0018,OBO3677,34.0975,257.39,992.8489937,10.24,0.079900298
S0018_OBO3678,S0018,OBO3678,34.39,289.39,1016.616903,10.5325,0.045801776
S0018_OBO3679,S0018,OBO3679,34.39,290.39,1018.847624,10.5325,0.045801776
S0018_OBO3680,S0018,OBO3680,34.65,291.39,1021.016121,10.7925,0.046341151
S0018_OBO3681,S0018,OBO3681,34.65,292.39,1023.155045,10.7925,0.046341151
S0018_OBO3682,S0018,OBO3682,34.65,293.39,1025.299565,10.7925,0.046341151
S0018_OBO3683,S0018,OBO3683,34.81,294.39,1027.637846,10.9525,0.046417776
S0018_OBO3684,S0018,OBO3684,34.84,295.39,1030.291653,10.9825,0.046353245
S0018_OBO3685,S0018,OBO3685,35.1,296.39,1033.159781,11.2425,0.04724153
S0018_OBO3686,S0018,OBO3686,35.1,297.39,1035.926875,11.2425,0.04724153
S0018_OBO3687,S0018,OBO3687,35.13,298.39,1038.633934,11.2725,0.046977585
S0018_OBO3688,S0018,OBO3688,35.13,299.39,1041.326749,11.2725,0.046977585
S0018_OBO3689,S0018,OBO3689,35.13,300.39,1044.070979,11.2725,0.046977585
S0018_OBO3690,S0018,OBO3690,35.13,301.39,1046.715875,11.2725,0.046977585
S0018_OBO3726,S0018,OBO3726,32.46,289.39,130.4591624,11.893,0.051549937
S0018_OBO3727,S0018,OBO3727,32.46,290.39,134.9209305,11.893,0.051549937
S0018_OBO3728,S0018,OBO3728,32.92,291.39,139.6169086,12.353,0.053006109
S0018_OBO3729,S0018,OBO3729,32.92,292.39,144.4604911,12.353,0.053006109
S0018_OBO3730,S0018,OBO3730,32.95,293.39,149.2641024,12.383,0.052775494
S0018_OBO3731,S0018,OBO3731,33.31,294.39,154.2369204,12.743,0.05398782
S0018_OBO3732,S0018,OBO3732,33.39,295.39,159.291171,12.823,0.054182485
S0018_OBO3733,S0018,OBO3733,33.39,296.39,163.9949762,12.823,0.054182485
S0018_OBO3734,S0018,OBO3734,33.39,297.39,168.6839605,12.823,0.054182485
S0018_OBO3735,S0018,OBO3735,33.39,298.39,173.2448641,12.823,0.054182485
S0018_OBO3736,S0018,OBO3736,33.39,299.39,177.6037176,12.823,0.054182485
S0018_OBO3737,S0018,OBO3737,33.39,300.39,181.9511602,12.823,0.054182485
S0018_OBO3738,S0018,OBO3738,33.39,301.39,186.2772852,12.823,0.054182485
S0018_OBO3774,S0018,OBO3774,34.68,289.37,209.2833483,15.101,0.077381777
S0018_OBO3775,S0018,OBO3775,34.7,290.37,214.3852206,15.121,0.076699567
S0018_OBO3776,S0018,OBO3776,34.92,291.37,219.4298332,15.341,0.077430915
S0018_OBO3777,S0018,OBO3777,34.92,292.37,224.5391952,15.341,0.077430915
S0018_OBO3778,S0018,OBO3778,34.92,293.37,229.6044534,15.341,0.077430915
S0018_OBO3779,S0018,OBO3779,35.16,294.37,234.776786,15.581,0.077433142
S0018_OBO3780,S0018,OBO3780,35.18,295.37,240.0390916,15.601,0.077180933
S0018_OBO3781,S0018,OBO3781,35.18,296.37,244.9790144,15.601,0.077180933
S0018_OBO3782,S0018,OBO3782,35.18,297.37,249.8495628,15.601,0.077180933
S0018_OBO3783,S0018,OBO3783,35.18,298.37,254.528768,15.601,0.077180933
S0018_OBO3784,S0018,OBO3784,35.18,299.37,259.3024101,15.601,0.077180933
S0018_OBO3785,S0018,OBO3785,35.18,300.37,264.058949,15.601,0.077180933
S0018_OBO3786,S0018,OBO3786,35.18,301.37,268.752764,15.601,0.077180933
S0021_OBO3986,S0021,OBO3986,33.015,2.96,109.6851351,5.015,4.8144
S0021_OBO3987,S0021,OBO3987,32.5145,0.12,148.7041667,4.5145,36.116
S0021_OBO3988,S0021,OBO3988,32.9635,0.96,115.4265625,4.9635,7.9416
S0021_OBO3989,S0021,OBO3989,33.015,1.96,109.3344388,5.015,4.8144
S0021_OBO3990,S0021,OBO3990,33.015,2.96,109.6851351,5.015,4.8144
S0021_OBO3991,S0021,OBO3991,32.5145,0.12,148.7041667,4.5145,36.116
S0021_OBO3992,S0021,OBO3992,32.9635,0.96,115.4265625,4.9635,7.9416
S0021_OBO3993,S0021,OBO3993,33.015,1.96,109.3344388,5.015,4.8144
S0021_OBO3994,S0021,OBO3994,33.015,2.96,109.6851351,5.015,4.8144
S0021_OBO3995,S0021,OBO3995,32.5145,0.12,148.7041667,4.5145,36.116
S0021_OBO3996,S0021,OBO3996,32.9635,0.96,115.4265625,4.9635,7.9416
S0021_OBO3997,S0021,OBO3997,33.015,1.96,109.3344388,5.015,4.8144
S0021_OBO3998,S0021,OBO3998,33.015,2.96,109.6851351,5.015,4.8144
S0021_OBO3999,S0021,OBO3999,32.5145,0.12,148.7041667,4.5145,36.116
S0021_OBO4000,S0021,OBO4000,32.9635,0.96,115.4265625,4.9635,7.9416
S0021_OBO4001,S0021,OBO4001,33.015,1.96,109.3344388,5.015,4.8144
S0021_OBO4002,S0021,OBO4002,33.015,2.96,109.6851351,5.015,4.8144
S0033_OBO5099,S0033,OBO5099,29,1.5,5.666666667,2,1.142857143
S0033_OBO5100,S0033,OBO5100,31,3.5,9.571428571,4,1.066666667
S0033_OBO5101,S0033,OBO5101,31,16.5,14.63636364,4,1.066666667
S0033_OBO5105,S0033,OBO5105,29,1.5,5.666666667,2,1.142857143
S0033_OBO5106,S0033,OBO5106,31,3.5,9.571428571,4,1.066666667
S0033_OBO5107,S0033,OBO5107,31,16.5,14.63636364,4,1.066666667
S0033_OBO5111,S0033,OBO5111,29,1.5,5.666666667,2,1.142857143
S0033_OBO5112,S0033,OBO5112,31,3.5,9.571428571,4,1.066666667
S0033_OBO5113,S0033,OBO5113,31,16.5,14.63636364,4,1.066666667
S0033_OBO5117,S0033,OBO5117,29,1.5,5.666666667,2,1.142857143
S0033_OBO5118,S0033,OBO5118,31,3.5,9.571428571,4,1.066666667
S0033_OBO5119,S0033,OBO5119,31,16.5,14.63636364,4,1.066666667
S0033_OBO5123,S0033,OBO5123,29,1.5,5.666666667,2,1.142857143
S0033_OBO5124,S0033,OBO5124,31,3.5,9.571428571,4,1.066666667
S0033_OBO5125,S0033,OBO5125,31,16.5,14.63636364,4,1.066666667
S0033_OBO5129,S0033,OBO5129,29,1.5,5.666666667,2,1.142857143
S0033_OBO5130,S0033,OBO5130,31,3.5,9.571428571,4,1.066666667
S0033_OBO5131,S0033,OBO5131,31,16.5,14.63636364,4,1.066666667
S0034_OBO4878,S0034,OBO4878,31.73333333,35.72,25.13906381,6.1,0.219156209
S0034_OBO4879,S0034,OBO4879,33.24666667,36.88,28.38342443,7.61333334,0.263963595
S0034_OBO4880,S0034,OBO4880,35.06,37.88,36.44035621,9.42666667,0.315882066
S0034_OBO4881,S0034,OBO4881,36.78666667,38.87,46.58628832,11.15333334,0.361469212
S0034_OBO4882,S0034,OBO4882,39.84666667,39.88,63.40711369,14.21333334,0.446521369
S0034_OBO4883,S0034,OBO4883,31.9,35.72,28.66778642,5.06,2.423952096
S0034_OBO4884,S0034,OBO4884,33.24666667,36.88,31.75207875,6.72166667,0.77279042
S0034_OBO4885,S0034,OBO4885,35.06,37.88,39.66217874,8.535,0.880085929
S0034_OBO4886,S0034,OBO4886,36.78666667,38.87,49.67382721,10.26166667,0.958039419
S0034_OBO4887,S0034,OBO4887,39.84666667,39.88,66.36145929,13.32166667,1.139889477
S0034_OBO4888,S0034,OBO4888,31.73333333,35.72,25.13906381,6.1,0.219156209
S0034_OBO4889,S0034,OBO4889,33.24666667,36.88,28.38342443,7.61333334,0.263963595
S0034_OBO4890,S0034,OBO4890,35.06,37.88,36.44035621,9.42666667,0.315882066
S0034_OBO4891,S0034,OBO4891,36.78666667,38.87,46.58628832,11.15333334,0.361469212
S0034_OBO4892,S0034,OBO4892,39.84666667,39.88,63.40711369,14.21333334,0.446521369
S0034_OBO4893,S0034,OBO4893,31.9,35.72,28.66778642,5.06,2.423952096
S0034_OBO4894,S0034,OBO4894,33.24666667,36.88,31.75207875,6.72166667,0.77279042
S0034_OBO4895,S0034,OBO4895,35.06,37.88,39.66217874,8.535,0.880085929
S0034_OBO4896,S0034,OBO4896,36.78666667,38.87,49.67382721,10.26166667,0.958039419
S0034_OBO4897,S0034,OBO4897,39.84666667,39.88,66.36145929,13.32166667,1.139889477
S0034_OBO4898,S0034,OBO4898,31.73333333,35.72,25.13906381,6.1,0.219156209
S0034_OBO4899,S0034,OBO4899,33.24666667,36.88,28.38342443,7.61333334,0.263963595
S0034_OBO4900,S0034,OBO4900,35.06,37.88,36.44035621,9.42666667,0.315882066
S0034_OBO4901,S0034,OBO4901,36.78666667,38.87,46.58628832,11.15333334,0.361469212
S0034_OBO4902,S0034,OBO4902,39.84666667,39.88,63.40711369,14.21333334,0.446521369
S0034_OBO4903,S0034,OBO4903,31.9,35.72,28.66778642,5.06,2.423952096
S0034_OBO4904,S0034,OBO4904,33.24666667,36.88,31.75207875,6.72166667,0.77279042
S0034_OBO4905,S0034,OBO4905,35.06,37.88,39.66217874,8.535,0.880085929
S0034_OBO4906,S0034,OBO4906,36.78666667,38.87,49.67382721,10.26166667,0.958039419
S0034_OBO4907,S0034,OBO4907,39.84666667,39.88,66.36145929,13.32166667,1.139889477
S0054_OBO3853,S0054,OBO3853,28.13380282,0.5,4.42760564,1.13380282,1.511737093
S0054_OBO3854,S0054,OBO3854,28.75,1.5,5.502535213,1.75,1
S0054_OBO3855,S0054,OBO3855,29.19444444,2.5,6.543298904,2.19444444,0.797979796
S0054_OBO3856,S0054,OBO3856,30.65277778,3.5,8.217435726,3.65277778,0.974074075
S0054_OBO3857,S0054,OBO3857,30.94444444,4.5,9.794548773,3.94444444,0.830409356
S0054_OBO3858,S0054,OBO3858,31.47222222,5.5,11.11776213,4.47222222,0.777777777
S0054_OBO3859,S0054,OBO3859,31.47222222,6.5,11.78661069,4.47222222,0.777777777
S0054_OBO3860,S0054,OBO3860,31.59027778,7.5,12.42709963,4.59027778,0.592293907
S0054_OBO3861,S0054,OBO3861,32.24305556,8.5,13.30780033,5.24305556,0.59920635
S0054_OBO3862,S0054,OBO3862,32.24305556,9.5,14.06083889,5.24305556,0.59920635
S0056_OBO0349,S0056,OBO0349,30.79,8,56.845,6.89,0.86125
S0059_OBO4702,S0059,OBO4702,27.5,0.5,2.02,0.5,0.666666667
S0059_OBO4703,S0059,OBO4703,28.5,2.5,3.804,1.5,0.545454545
S0059_OBO4704,S0059,OBO4704,29.5,4.5,5.78,2.5,0.526315789
S0059_OBO4705,S0059,OBO4705,29.5,6.5,7.078461538,2.5,0.526315789
S0059_OBO4706,S0059,OBO4706,29.5,8.5,7.765882353,2.5,0.526315789
S0059_OBO4707,S0059,OBO4707,29.5,10.5,8.191428571,2.5,0.526315789
S0059_OBO4708,S0059,OBO4708,29.5,12.5,8.4808,2.5,0.526315789
S0059_OBO4709,S0059,OBO4709,29.5,14.5,8.690344828,2.5,0.526315789
S0059_OBO4710,S0059,OBO4710,29.5,16.5,8.849090909,2.5,0.526315789
S0059_OBO4711,S0059,OBO4711,29.5,18.5,8.973513514,2.5,0.526315789
S0059_OBO4712,S0059,OBO4712,29.5,20.5,9.073658537,2.5,0.526315789
S0059_OBO4713,S0059,OBO4713,29.5,22,9.136818182,2.5,0.526315789
S0059_OBO4714,S0059,OBO4714,27.5,0.5,2.02,0.5,0.666666667
S0059_OBO4715,S0059,OBO4715,28.5,2.5,3.804,1.5,0.545454545
S0059_OBO4716,S0059,OBO4716,29.5,4.5,5.78,2.5,0.526315789
S0059_OBO4717,S0059,OBO4717,30.5,6.5,7.770769231,3.5,0.518518519
S0059_OBO4718,S0059,OBO4718,31.5,8.5,9.765882353,4.5,0.514285714
S0059_OBO4719,S0059,OBO4719,32,10.5,11.64380952,5,0.512820513
S0059_OBO4720,S0059,OBO4720,32,12.5,12.9808,5,0.512820513
S0059_OBO4721,S0059,OBO4721,32,14.5,13.94896552,5,0.512820513
S0059_OBO4722,S0059,OBO4722,32,16.5,14.68242424,5,0.512820513
S0059_OBO4723,S0059,OBO4723,32,18.5,15.2572973,5,0.512820513
S0059_OBO4724,S0059,OBO4724,32,20.5,15.72,5,0.512820513
S0059_OBO4725,S0059,OBO4725,32,22,16.01181818,5,0.512820513
S0059_OBO4738,S0059,OBO4738,27.5,0.5,2.02,0.5,0.666666667
S0059_OBO4750,S0059,OBO4750,27.5,0.5,2.02,0.5,0.666666667
S0059_OBO4774,S0059,OBO4774,27.5,0.5,2.02,0.5,0.666666667
S0059_OBO4786,S0059,OBO4786,27.5,0.5,2.02,0.5,0.666666667
S0064_OBO4432,S0064,OBO4432,30,3.33,5.105105105,4,1.714285714
S0064_OBO4433,S0064,OBO4433,32,7.33,8.663028649,6,0.947368421
S0064_OBO4434,S0064,OBO4434,33.5,10.33,10.01936108,7.5,0.803571429
S0064_OBO4435,S0064,OBO4435,33.5,13.33,10.46511628,7.5,0.803571429
S0064_OBO4436,S0064,OBO4436,33.5,16.33,11.20636865,7.5,0.803571429
S0064_OBO4443,S0064,OBO4443,30,3.33,5.105105105,4,1.714285714
S0064_OBO4444,S0064,OBO4444,32,7.33,8.663028649,6,0.947368421
S0064_OBO4445,S0064,OBO4445,33.5,10.33,10.01936108,7.5,0.803571429
S0064_OBO4446,S0064,OBO4446,33.5,13.33,10.46511628,7.5,0.803571429
S0073_OBO4504,S0073,OBO4504,30.5,27,85.43703704,4.5,0.687898089
S0093_OBO4920,S0093,OBO4920,29.0452,9.5,0.929621053,2.2029,0.227886207
S0093_OBO4921,S0093,OBO4921,30.5909,10.5,2.394304762,3.7486,0.35143125
S0093_OBO4922,S0093,OBO4922,30.7188,11.5,4.186382609,3.8765,0.347149254
S0093_OBO4923,S0093,OBO4923,30.7486,14.5,8.139296552,3.9063,0.321065753
S0093_OBO4924,S0093,OBO4924,30.7486,19.5,11.98344615,3.9063,0.321065753
S0093_OBO4925,S0093,OBO4925,30.7486,21.5,12.2484186,3.9063,0.321065753
S0093_OBO4926,S0093,OBO4926,30.7486,22.5,11.79947556,3.9063,0.321065753
S0093_OBO4927,S0093,OBO4927,30.7486,24.5,10.99946939,3.9063,0.321065753
S0093_OBO4928,S0093,OBO4928,30.7486,27.5,10.02938909,3.9063,0.321065753
S0093_OBO4929,S0093,OBO4929,30.7486,30.5,9.246616393,3.9063,0.321065753
S0093_OBO4930,S0093,OBO4930,30.7486,34.5,8.413072464,3.9063,0.321065753
S0093_OBO4931,S0093,OBO4931,30.7486,38.5,7.729641558,3.9063,0.321065753
S0093_OBO4932,S0093,OBO4932,29.1343,9.5,0.399394737,2.2554,0.33831
S0093_OBO4933,S0093,OBO4933,29.1343,10.5,1.542290476,2.2554,0.33831
S0093_OBO4934,S0093,OBO4934,29.2607,11.5,2.5423,2.3818,0.29164898
S0093_OBO4935,S0093,OBO4935,29.4607,14.5,4.822968966,2.5818,0.253947541
S0093_OBO4936,S0093,OBO4936,29.5607,19.5,7.30084359,2.6818,0.189303529
S0093_OBO4937,S0093,OBO4937,29.5607,21.5,7.29862093,2.6818,0.189303529
S0093_OBO4938,S0093,OBO4938,29.5607,22.5,7.018531111,2.6818,0.189303529
S0093_OBO4939,S0093,OBO4939,29.5607,24.5,6.462634694,2.6818,0.189303529
S0093_OBO4940,S0093,OBO4940,29.5607,27.5,5.794078182,2.6818,0.189303529
S0093_OBO4941,S0093,OBO4941,29.5607,30.5,5.254208197,2.6818,0.189303529
S0093_OBO4942,S0093,OBO4942,29.5607,34.5,4.67932029,2.6818,0.189303529
S0093_OBO4943,S0093,OBO4943,29.5607,38.5,4.327655844,2.6818,0.189303529
S0106_OBO3277,S0106,OBO3277,32,3.75,13.6,6,1.5
S0106_OBO3278,S0106,OBO3278,32,5.75,14.08695652,6,1.5
S0106_OBO3279,S0106,OBO3279,32,6.5,12.92307692,6,1.5
S0106_OBO3280,S0106,OBO3280,32,6.5,12.92307692,6,1.5
S0106_OBO3281,S0106,OBO3281,32,6.5,12.92307692,6,1.5
S0106_OBO3282,S0106,OBO3282,32,6.5,12.92307692,6,1.5
S0106_OBO3283,S0106,OBO3283,32,6.5,12.92307692,6,1.5
S0106_OBO3284,S0106,OBO3284,32,6.5,12.92307692,6,1.5
S0106_OBO3285,S0106,OBO3285,32,6.5,12.92307692,6,1.5
S0106_OBO3286,S0106,OBO3286,32,6.5,12.92307692,6,1.5
S0106_OBO3287,S0106,OBO3287,34,3.75,18.13333333,8,2
S0106_OBO3288,S0106,OBO3288,34,5.75,18.73043478,8,2
S0106_OBO3289,S0106,OBO3289,34,6.5,17.14615385,8,2
S0106_OBO3290,S0106,OBO3290,34,6.5,17.14615385,8,2
S0106_OBO3291,S0106,OBO3291,34,6.5,17.14615385,8,2
S0106_OBO3292,S0106,OBO3292,34,6.5,17.14615385,8,2
S0106_OBO3293,S0106,OBO3293,34,6.5,17.14615385,8,2
S0106_OBO3294,S0106,OBO3294,34,6.5,17.14615385,8,2
S0106_OBO3295,S0106,OBO3295,34,6.5,17.14615385,8,2
S0106_OBO3296,S0106,OBO3296,34,6.5,17.14615385,8,2
S0106_OBO3302,S0106,OBO3302,28.66,1.75,6.84,2.66,1.33
S0106_OBO3303,S0106,OBO3303,29.99,2.75,9.430909091,3.99,1.33
S0106_OBO3304,S0106,OBO3304,31.32,3.75,12.05866667,5.32,1.33
S0106_OBO3305,S0106,OBO3305,32.65,4.75,14.7,6.65,1.33
S0106_OBO3306,S0106,OBO3306,34,5.75,17.35130435,8,1.333333333
S0106_OBO3307,S0106,OBO3307,32,3.75,13.6,6,1.5
S0106_OBO3308,S0106,OBO3308,32,5.75,14.08695652,6,1.5
S0106_OBO3309,S0106,OBO3309,32,6.5,12.92307692,6,1.5
S0106_OBO3310,S0106,OBO3310,32,6.5,12.92307692,6,1.5
S0106_OBO3311,S0106,OBO3311,32,6.5,12.92307692,6,1.5
S0106_OBO3312,S0106,OBO3312,32,15.75,6.093333333,6,1.5
S0106_OBO3313,S0106,OBO3313,32,16.75,6.563283582,6,1.5
S0106_OBO3314,S0106,OBO3314,32,17.75,7.28,6,1.5
S0106_OBO3315,S0106,OBO3315,32.65,18.75,8.204,6.65,1.33
S0106_OBO3316,S0106,OBO3316,34,19.75,9.304810127,8,1.333333333
S0106_OBO3317,S0106,OBO3317,34,3.75,18.13333333,8,2
S0106_OBO3318,S0106,OBO3318,34,5.75,18.73043478,8,2
S0106_OBO3319,S0106,OBO3319,34,6.5,17.14615385,8,2
S0106_OBO3320,S0106,OBO3320,34,6.5,17.14615385,8,2
S0106_OBO3321,S0106,OBO3321,34,6.5,17.14615385,8,2
S0106_OBO3322,S0106,OBO3322,34,15.75,7.836190476,8,2
S0106_OBO3323,S0106,OBO3323,34,16.75,8.202089552,8,2
S0106_OBO3324,S0106,OBO3324,34,17.75,8.826478873,8,2
S0106_OBO3325,S0106,OBO3325,34,18.75,9.668,8,2
S0106_OBO3326,S0106,OBO3326,34,19.75,10.69468354,8,2
S0128_OBO5175,S0128,OBO5175,30.1,14.5,12.03793103,3.3,0.942857143
S0128_OBO5176,S0128,OBO5176,30.1,21.5,12.41627907,3.3,0.942857143
S0128_OBO5177,S0128,OBO5177,30.1,28.5,12.60877193,3.3,0.942857143
S0128_OBO5178,S0128,OBO5178,30.1,61.75,6,3.3,0.942857143
S0128_OBO5179,S0128,OBO5179,30.1,61.75,6,3.3,0.942857143
S0128_OBO5180,S0128,OBO5180,30.1,61.75,6,3.3,0.942857143
S0128_OBO5188,S0128,OBO5188,30.1,7.5,10.95333333,3.3,0.942857143
S0128_OBO5189,S0128,OBO5189,30.1,14.5,12.03793103,3.3,0.942857143
S0128_OBO5190,S0128,OBO5190,30.1,21.5,12.41627907,3.3,0.942857143
S0128_OBO5191,S0128,OBO5191,30.1,28.5,12.60877193,3.3,0.942857143
S0128_OBO5192,S0128,OBO5192,30.1,61.75,6,3.3,0.942857143
S0128_OBO5193,S0128,OBO5193,30.1,61.75,6,3.3,0.942857143
S0128_OBO5194,S0128,OBO5194,30.1,61.75,6,3.3,0.942857143
S0148_OBO5256,S0148,OBO5256,30.1,28.5,12.60877193,3.3,0.942857143
S0148_OBO5257,S0148,OBO5257,30.1,61.75,6,3.3,0.942857143
S0148_OBO5258,S0148,OBO5258,30.1,61.75,6,3.3,0.942857143
S0148_OBO5259,S0148,OBO5259,30.1,61.75,6,3.3,0.942857143
S0148_OBO5264,S0148,OBO5264,30.1,28.5,12.60877193,3.3,0.942857143
S0148_OBO5265,S0148,OBO5265,30.1,61.75,6,3.3,0.942857143
S0148_OBO5266,S0148,OBO5266,30.1,61.75,6,3.3,0.942857143
S0148_OBO5267,S0148,OBO5267,30.1,61.75,6,3.3,0.942857143
S0151_OBO4477,S0151,OBO4477,24,0.04,75,2,24
S0151_OBO4478,S0151,OBO4478,26,0.12,83.33333333,4,24
S0151_OBO4479,S0151,OBO4479,28,0.21,100,6,24
S0151_OBO4480,S0151,OBO4480,30,0.29,124.137931,8,24
S0151_OBO4481,S0151,OBO4481,32,0.38,144.7368421,10,24
S0151_OBO4483,S0151,OBO4483,24,0.04,75,2,24
S0151_OBO4484,S0151,OBO4484,26,0.12,83.33333333,4,24
S0151_OBO4485,S0151,OBO4485,28,0.21,100,6,24
S0151_OBO4486,S0151,OBO4486,30,0.29,124.137931,8,24
S0151_OBO4487,S0151,OBO4487,32,0.38,144.7368421,10,24
S0151_OBO4489,S0151,OBO4489,24,0.04,75,2,24
S0151_OBO4490,S0151,OBO4490,26,0.12,83.33333333,4,24
S0151_OBO4491,S0151,OBO4491,28,0.21,100,6,24
S0151_OBO4492,S0151,OBO4492,30,0.29,124.137931,8,24
S0151_OBO4493,S0151,OBO4493,32,0.38,144.7368421,10,24
S0190_OBO4962,S0190,OBO4962,32.64,6.94,167.389049,6.12,1.110623819
S0190_OBO4963,S0190,OBO4963,32.64,7.1,171.9056338,6.12,1.110623819
S0190_OBO4964,S0190,OBO4964,32.64,7.27,175.9807428,6.12,1.110623819
S0190_OBO4965,S0190,OBO4965,32.64,7.44,178.2930108,6.12,1.110623819
S0190_OBO4966,S0190,OBO4966,32.64,7.6,181.4802632,6.12,1.110623819
S0190_OBO4967,S0190,OBO4967,32.64,7.92,188.9255051,6.12,1.110623819
S0274_OBO4469,S0274,OBO4469,23,15,8.833333333,5,1
S0274_OBO4472,S0274,OBO4472,23,15,8.833333333,5,1
S0274_OBO4474,S0274,OBO4474,23,15,8.833333333,5,1
S0277_OBO3889,S0277,OBO3889,31.676,4.81,112.087526,4.503,15.07981395
S0277_OBO3890,S0277,OBO3890,32.911,7.81,182.5610755,5.738,1.732226415
S0277_OBO3891,S0277,OBO3891,33.326,9.81,257.5180428,6.153,1.415386581
S0277_OBO3892,S0277,OBO3892,33.326,11.81,314.5624894,6.153,1.415386581
S0277_OBO3901,S0277,OBO3901,31.676,4.81,112.087526,4.503,15.07981395
S0277_OBO3902,S0277,OBO3902,32.911,7.81,182.5610755,5.738,1.732226415
S0277_OBO3903,S0277,OBO3903,33.326,9.81,257.5180428,6.153,1.415386581
S0277_OBO3904,S0277,OBO3904,33.326,11.81,314.5624894,6.153,1.415386581
S0286_OBO4468,S0286,OBO4468,31,6.33,16.3507109,9,1.5
S0382_OBO5329,S0382,OBO5329,30,6.75,15.03703704,7,1
S0382_OBO5331,S0382,OBO5331,30,13.75,14.50909091,7,0.5